{
  "pusht-strong:dev": {
    "n_test": 450,
    "n_fail": 171,
    "sr": 0.62,
    "bcoh_distmin": {
      "auroc": 0.714,
      "ci": [
        0.664,
        0.76
      ],
      "null_mean": 0.649,
      "excess": 0.065,
      "p_perm": 0.008
    },
    "stac_energy": {
      "auroc": 0.722,
      "ci": [
        0.672,
        0.769
      ],
      "null_mean": 0.649,
      "excess": 0.074,
      "p_perm": 0.004
    },
    "stac_mmd": {
      "auroc": 0.705,
      "ci": [
        0.655,
        0.752
      ],
      "null_mean": 0.651,
      "excess": 0.054,
      "p_perm": 0.02
    }
  },
  "pusht-strong:s1000": {
    "n_test": 450,
    "n_fail": 207,
    "sr": 0.5344444444444445,
    "bcoh_distmin": {
      "auroc": 0.727,
      "ci": [
        0.681,
        0.773
      ],
      "null_mean": 0.649,
      "excess": 0.078,
      "p_perm": 0.002
    },
    "stac_energy": {
      "auroc": 0.739,
      "ci": [
        0.694,
        0.783
      ],
      "null_mean": 0.65,
      "excess": 0.089,
      "p_perm": 0.002
    },
    "stac_mmd": {
      "auroc": 0.694,
      "ci": [
        0.646,
        0.739
      ],
      "null_mean": 0.65,
      "excess": 0.044,
      "p_perm": 0.0339
    }
  },
  "pusht-strong:s2000": {
    "n_test": 450,
    "n_fail": 191,
    "sr": 0.5655555555555556,
    "bcoh_distmin": {
      "auroc": 0.675,
      "ci": [
        0.625,
        0.725
      ],
      "null_mean": 0.642,
      "excess": 0.033,
      "p_perm": 0.0878
    },
    "stac_energy": {
      "auroc": 0.665,
      "ci": [
        0.615,
        0.715
      ],
      "null_mean": 0.639,
      "excess": 0.026,
      "p_perm": 0.1497
    },
    "stac_mmd": {
      "auroc": 0.683,
      "ci": [
        0.635,
        0.731
      ],
      "null_mean": 0.641,
      "excess": 0.042,
      "p_perm": 0.0399
    }
  }
}