{
  "runs": {
    "pusht-absorbing:dev": {
      "n_test": 150,
      "n_fail": 54,
      "sr": 0.6433333333333333,
      "signals": {
        "bcoh_distmin": {
          "auroc_max": 0.3244598765432099,
          "ci": [
            0.23284942679010467,
            0.4142690045979631
          ],
          "auroc_cusum": 0.17959104938271606
        },
        "bcoh_distmean": {
          "auroc_max": 0.33584104938271603,
          "ci": [
            0.24746102260002037,
            0.42426996875305134
          ],
          "auroc_cusum": 0.18094135802469136
        },
        "stac_energy": {
          "auroc_max": 0.39699074074074076,
          "ci": [
            0.3023910582908885,
            0.49621629629629616
          ],
          "auroc_cusum": 0.19695216049382716
        },
        "stac_mmd": {
          "auroc_max": 0.5877700617283951,
          "ci": [
            0.49237170114206946,
            0.6809461234254466
          ],
          "auroc_cusum": 0.23032407407407407
        },
        "stac_chamfer": {
          "auroc_max": 0.3751929012345679,
          "ci": [
            0.2841553954357663,
            0.4674484839028449
          ],
          "auroc_cusum": 0.1869212962962963
        },
        "disp_all": {
          "auroc_max": 0.4643132716049383,
          "ci": [
            0.3569488539812643,
            0.5635333753577756
          ],
          "auroc_cusum": 0.1869212962962963
        },
        "ood_knn": {
          "auroc_max": 0.4878472222222222,
          "ci": [
            0.3907995907907737,
            0.5848688158466384
          ],
          "auroc_cusum": 0.7741126543209876
        },
        "null_length": {
          "auroc_max": 0.0,
          "ci": [
            0.0,
            0.0
          ],
          "auroc_cusum": 0.0
        }
      },
      "prefix": {
        "bcoh_distmin_W4": 0.5692515432098766,
        "bcoh_distmin_W6": 0.6053240740740741,
        "bcoh_distmin_W8": 0.5825617283950617,
        "bcoh_distmin_W10": 0.5474537037037037,
        "bcoh_distmin_W12": 0.5395447530864198,
        "stac_energy_W4": 0.5949074074074074,
        "stac_energy_W6": 0.6350308641975309,
        "stac_energy_W8": 0.6068672839506173,
        "stac_energy_W10": 0.5673225308641975,
        "stac_energy_W12": 0.5482253086419753,
        "stac_mmd_W4": 0.5717592592592593,
        "stac_mmd_W6": 0.5877700617283951,
        "stac_mmd_W8": 0.5833333333333334,
        "stac_mmd_W10": 0.5555555555555556,
        "stac_mmd_W12": 0.5733024691358025,
        "disp_all_W4": 0.6203703703703703,
        "disp_all_W6": 0.6356095679012346,
        "disp_all_W8": 0.5592206790123457,
        "disp_all_W10": 0.47897376543209874,
        "disp_all_W12": 0.4216820987654321,
        "ood_knn_W4": 0.5017361111111112,
        "ood_knn_W6": 0.4947916666666667,
        "ood_knn_W8": 0.4930555555555556,
        "ood_knn_W10": 0.4868827160493827,
        "ood_knn_W12": 0.4870756172839506
      },
      "defer": {
        "bcoh_distmin": [
          {
            "alpha": 0.05,
            "coverage": 0.9733333333333334,
            "false_defer": 0.041666666666666664,
            "retained_sr": 0.6301369863013698
          },
          {
            "alpha": 0.1,
            "coverage": 0.94,
            "false_defer": 0.08333333333333333,
            "retained_sr": 0.624113475177305
          },
          {
            "alpha": 0.2,
            "coverage": 0.8266666666666667,
            "false_defer": 0.22916666666666666,
            "retained_sr": 0.5967741935483871
          },
          {
            "alpha": 0.3,
            "coverage": 0.7666666666666667,
            "false_defer": 0.3125,
            "retained_sr": 0.5739130434782609
          },
          {
            "alpha": 0.4,
            "coverage": 0.74,
            "false_defer": 0.34375,
            "retained_sr": 0.5675675675675675
          },
          {
            "alpha": 0.5,
            "coverage": 0.6133333333333333,
            "false_defer": 0.4791666666666667,
            "retained_sr": 0.5434782608695652
          }
        ],
        "stac_energy": [
          {
            "alpha": 0.05,
            "coverage": 0.9733333333333334,
            "false_defer": 0.03125,
            "retained_sr": 0.636986301369863
          },
          {
            "alpha": 0.1,
            "coverage": 0.9266666666666666,
            "false_defer": 0.08333333333333333,
            "retained_sr": 0.6330935251798561
          },
          {
            "alpha": 0.2,
            "coverage": 0.8066666666666666,
            "false_defer": 0.22916666666666666,
            "retained_sr": 0.6115702479338843
          },
          {
            "alpha": 0.3,
            "coverage": 0.76,
            "false_defer": 0.2916666666666667,
            "retained_sr": 0.5964912280701754
          },
          {
            "alpha": 0.4,
            "coverage": 0.74,
            "false_defer": 0.3125,
            "retained_sr": 0.5945945945945946
          },
          {
            "alpha": 0.5,
            "coverage": 0.6133333333333333,
            "false_defer": 0.4583333333333333,
            "retained_sr": 0.5652173913043478
          }
        ],
        "ood_knn": [
          {
            "alpha": 0.05,
            "coverage": 0.9933333333333333,
            "false_defer": 0.0,
            "retained_sr": 0.6442953020134228
          },
          {
            "alpha": 0.1,
            "coverage": 0.9933333333333333,
            "false_defer": 0.0,
            "retained_sr": 0.6442953020134228
          },
          {
            "alpha": 0.2,
            "coverage": 0.8666666666666667,
            "false_defer": 0.14583333333333334,
            "retained_sr": 0.6307692307692307
          },
          {
            "alpha": 0.3,
            "coverage": 0.82,
            "false_defer": 0.19791666666666666,
            "retained_sr": 0.6260162601626016
          },
          {
            "alpha": 0.4,
            "coverage": 0.68,
            "false_defer": 0.3333333333333333,
            "retained_sr": 0.6274509803921569
          },
          {
            "alpha": 0.5,
            "coverage": 0.6133333333333333,
            "false_defer": 0.40625,
            "retained_sr": 0.6195652173913043
          }
        ]
      },
      "prefix_meta": {
        "W4": {
          "n": 150,
          "n_fail": 54
        },
        "W6": {
          "n": 150,
          "n_fail": 54
        },
        "W8": {
          "n": 150,
          "n_fail": 54
        },
        "W10": {
          "n": 150,
          "n_fail": 54
        },
        "W12": {
          "n": 150,
          "n_fail": 54
        }
      },
      "prefix_ci": {
        "bcoh_distmin": {
          "W6": [
            0.512155345672205,
            0.6939071766809644
          ],
          "W8": [
            0.49258540407728313,
            0.6715596490318669
          ]
        },
        "stac_energy": {
          "W6": [
            0.5421840215170819,
            0.7288255684291286
          ],
          "W8": [
            0.5166131854256855,
            0.6978729875045055
          ]
        },
        "stac_mmd": {
          "W6": [
            0.4918804920456438,
            0.6817942294322558
          ],
          "W8": [
            0.48914649653801745,
            0.6809537799723994
          ]
        },
        "disp_all": {
          "W6": [
            0.5471763406871766,
            0.7272589701569776
          ],
          "W8": [
            0.4694704486816993,
            0.6562968458274399
          ]
        },
        "ood_knn": {
          "W6": [
            0.40084233410184444,
            0.5922361211738626
          ],
          "W8": [
            0.39953231437139886,
            0.5904595187871927
          ]
        }
      },
      "k_ablation": {
        "K2": {
          "auroc": 0.3314043209876543,