{
  "pusht-strong:dev": {
    "auroc_max": 0.669,
    "ci": [
      0.57834724601985,
      0.7565608423067149
    ],
    "prefix_w8": 0.583
  },
  "pusht-strong:s1000": {
    "auroc_max": 0.736,
    "ci": [
      0.6494504388619855,
      0.8143811774340879
    ],
    "prefix_w8": 0.518
  },
  "pusht-strong:s2000": {
    "auroc_max": 0.619,
    "ci": [
      0.5186916303139205,
      0.712029752853664
    ],
    "prefix_w8": 0.589
  },
  "pusht-weak:nocrop": {
    "auroc_max": 0.601,
    "ci": [
      0.4799588585434174,
      0.7142065113031376
    ],
    "prefix_w8": 0.539
  },
  "pusht-weak:s3000": {
    "auroc_max": 0.688,
    "ci": [
      0.5638217164306769,
      0.8006936137692716
    ],
    "prefix_w8": 0.674
  },
  "pusht-weak:s4000": {
    "auroc_max": 0.581,
    "ci": [
      0.46749988668738673,
      0.6901217499569168
    ],
    "prefix_w8": 0.58
  },
  "square-weak:s1000": {
    "auroc_max": 0.495,
    "ci": [
      0.4058487516393897,
      0.5906716240049573
    ],
    "prefix_w8": 0.505
  },
  "square-weak:s2000": {
    "auroc_max": 0.361,
    "ci": [
      0.24865574052565922,
      0.4774879999999999
    ],
    "prefix_w8": 0.655
  },
  "can-strong:s1000": {
    "auroc_max": 0.854,
    "ci": [
      0.7872235675675675,
      0.9128446117570496
    ],
    "prefix_w8": 0.563
  }
}