{
  "receding_baseline": {
    "sr": 0.6533333333333333,
    "calls": 27.7
  },
  "GUARD": {
    "sr": 0.68,
    "calls": 65.6,
    "intervention": 0.08575581395348837,
    "helped": 15,
    "hurt": 13,
    "p": 0.8505540192127228
  },
  "baseline_cl": {
    "sr": 0.3466666666666667,
    "calls": 300.0,
    "helped": 9,
    "hurt": 32,
    "p": 0.000430857042374555
  },
  "temporal_ensemble": {
    "sr": 0.41333333333333333,
    "calls": 300.0,
    "helped": 12,
    "hurt": 30,
    "p": 0.007915897334896727
  },
  "bid": {
    "sr": 0.21333333333333335,
    "calls": 3600.0,
    "helped": 1,
    "hurt": 34,
    "p": 2.0954757928848267e-09
  }
}