{
  "episode_max": {
    "bcoh_distmin": {
      "auroc": 0.668016975308642,
      "ci": [
        0.5774949496642628,
        0.7551432182938641
      ]
    },
    "bcoh_distmean": {
      "auroc": 0.6743827160493827,
      "ci": [
        0.5812296650717703,
        0.7587103481606011
      ]
    },
    "plan_nll": {
      "auroc": 0.6234567901234568,
      "ci": [
        0.5385809482411572,
        0.7292203404007002
      ]
    },
    "bcoh_znorm": {
      "auroc": 0.48919753086419754,
      "ci": [
        0.39778091185410336,
        0.5736209530834278
      ]
    },
    "bcoh_ratio": {
      "auroc": 0.625,
      "ci": [
        0.5338448551103967,
        0.7103130798605326
      ]
    },
    "bcoh_early": {
      "auroc": 0.5814043209876543,
      "ci": [
        0.4827396551724138,
        0.6783720345709499
      ]
    },
    "stac_energy": {
      "auroc": 0.6890432098765432,
      "ci": [
        0.5990562652342692,
        0.7761701960784314
      ]
    },
    "stac_mmd": {
      "auroc": 0.6842206790123457,
      "ci": [
        0.5985199650210355,
        0.7658104550655616
      ]
    },
    "stac_chamfer": {
      "auroc": 0.6828703703703703,
      "ci": [
        0.591113883927782,
        0.7696812062963808
      ]
    },
    "stac_energy_k2": {
      "auroc": 0.6905864197530864,
      "ci": [
        0.5997080392879713,
        0.7769952655947159
      ]
    },
    "disp_all": {
      "auroc": 0.5993441358024691,
      "ci": [
        0.4951748471986418,
        0.6895194202289805
      ]
    },
    "ood_knn": {
      "auroc": 0.5108024691358025,
      "ci": [
        0.42005913476501716,
        0.608967261735635
      ]
    },
    "ewma_bcoh_distmin": {
      "auroc": 0.6693672839506173,
      "ci": [
        0.5757322581679872,
        0.7562040909090909
      ]
    },
    "ewma_plan_nll": {
      "auroc": 0.6477623456790124,
      "ci": [
        0.5527972869622111,
        0.7372185222550872
      ]
    },
    "ewma_stac_energy": {
      "auroc": 0.7004243827160493,
      "ci": [
        0.6010594227478971,
        0.7843545751633987
      ]
    },
    "ewma_stac_mmd": {
      "auroc": 0.6776620370370371,
      "ci": [
        0.5848915308697736,
        0.768906059898707
      ]
    }
  },
  "prefix": {
    "bcoh_distmin": {
      "4": 0.5692515432098766,
      "6": 0.6053240740740741,
      "8": 0.5904255319148937,
      "10": 0.5577459179609717,
      "12": 0.5700757575757576
    },
    "bcoh_distmean": {
      "4": 0.5787037037037037,
      "6": 0.6076388888888888,
      "8": 0.598896769109535,
      "10": 0.5722819593787336,
      "12": 0.5654461279461279
    },
    "plan_nll": {
      "4": 0.5748456790123457,
      "6": 0.605516975308642,
      "8": 0.5923955870764381,
      "10": 0.5595380326563122,
      "12": 0.5681818181818182
    },
    "bcoh_znorm": {
      "4": 0.4799382716049383,
      "6": 0.47897376543209874,
      "8": 0.42868400315208827,
      "10": 0.38510553564317007,
      "12": 0.3541666666666667
    },
    "bcoh_ratio": {
      "4": 0.529320987654321,
      "6": 0.5441743827160493,
      "8": 0.5466903073286052,
      "10": 0.5402230187176423,
      "12": 0.5515572390572391
    },
    "bcoh_early": {
      "4": 0.5615354938271605,
      "6": 0.5260416666666666,
      "8": 0.5084712371946415,
      "10": 0.4996017522899243,
      "12": 0.5122053872053872
    },
    "stac_energy": {
      "4": 0.5949074074074074,
      "6": 0.6350308641975309,
      "8": 0.613672182821119,
      "10": 0.5772600557546794,
      "12": 0.5774410774410774
    },
    "stac_mmd": {
      "4": 0.49151234567901236,
      "6": 0.47762345679012347,
      "8": 0.5189125295508275,
      "10": 0.5278773397052967,
      "12": 0.5433501683501684
    },
    "stac_chamfer": {
      "4": 0.5960648148148148,
      "6": 0.6298225308641975,
      "8": 0.6042159180457053,
      "10": 0.5641178813221824,
      "12": 0.5654461279461279
    },
    "stac_energy_k2": {
      "4": 0.6062885802469136,
      "6": 0.6421682098765432,
      "8": 0.6144602048857368,
      "10": 0.5826363998407009,
      "12": 0.5759680134680135
    },
    "disp_all": {
      "4": 0.6203703703703703,
      "6": 0.6356095679012346,
      "8": 0.5602836879432624,
      "10": 0.4828753484667463,
      "12": 0.4316077441077441
    },
    "ood_knn": {
      "4": 0.49363425925925924,
      "6": 0.4847608024691358,
      "8": 0.4875886524822695,
      "10": 0.48247710075667066,
      "12": 0.47285353535353536
    },
    "ewma_bcoh_distmin": {
      "4": 0.5395447530864198,
      "6": 0.5725308641975309,
      "8": 0.5724980299448384,
      "10": 0.5617283950617284,
      "12": 0.5606060606060606
    },
    "ewma_plan_nll": {
      "4": 0.5542052469135802,
      "6": 0.5790895061728395,
      "8": 0.5740740740740741,
      "10": 0.5583432895260853,
      "12": 0.5561868686868687
    },
    "ewma_stac_energy": {
      "4": 0.5709876543209876,
      "6": 0.6035879629629629,
      "8": 0.5957446808510638,
      "10": 0.568100358422939,
      "12": 0.5627104377104377
    },
    "ewma_stac_mmd": {
      "4": 0.42592592592592593,
      "6": 0.4176311728395062,
      "8": 0.4292750197005516,
      "10": 0.4324970131421744,
      "12": 0.44991582491582494
    }
  }
}