{
  "baseline_sr": 0.24666666666666667,
  "n_episodes": 150,
  "gate": "ood_knn",
  "seed_offset": 0,
  "threshold_override": null,
  "rows": [
    {
      "pct": 90.0,
      "recovery": "committed",
      "threshold": 4.447128534317017,
      "success": 0.26666666666666666,
      "delta": 0.01999999999999999,
      "intervention": 0.10305581540380418,
      "hurt": 8,
      "helped": 11,
      "p": 0.6476058959960938,
      "refire": {
        "episodes_fired": 32,
        "episodes_refired": 32,
        "refire_rate": 1.0,
        "mean_fires_per_fired_episode": 20.66
      }
    },
    {
      "pct": 90.0,
      "recovery": "consensus",
      "threshold": 4.447128534317017,
      "success": 0.26,
      "delta": 0.013333333333333336,
      "intervention": 0.11785658974756079,
      "hurt": 8,
      "helped": 10,
      "p": 0.8145294189453125,
      "refire": {
        "episodes_fired": 38,
        "episodes_refired": 35,
        "refire_rate": 0.921,
        "mean_fires_per_fired_episode": 20.03
      }
    }
  ]
}