{
  "receding_baseline": {
    "sr": 0.6533333333333333,
    "calls": 27.7
  },
  "GUARD": {
    "sr": 0.68,
    "calls": 65.6,
    "intervention": 0.08575581395348837,
    "helped": 15,
    "hurt": 13,
    "p": 0.8505540192127228
  },
  "baseline_cl": {
    "sr": 0.28,
    "calls": 300.0,
    "helped": 5,
    "hurt": 33,
    "p": 4.255962267052382e-06
  },
  "temporal_ensemble": {
    "sr": 0.4266666666666667,
    "calls": 300.0,
    "helped": 11,
    "hurt": 28,
    "p": 0.009475304279476404
  },
  "bid": {
    "sr": 0.30666666666666664,
    "calls": 3600.0,
    "helped": 6,
    "hurt": 32,
    "p": 2.4342560209333897e-05
  }
}