{
  "n_cal_eps": 46,
  "n_test_eps": 75,
  "n_test_fail_eps": 25,
  "signals": {
    "bcoh_distmin": {
      "alpha_0.05": {
        "tau": 0.15045907795429225,
        "realized_fp": 0.06,
        "flag_fail": 0.08972972972972973
      },
      "alpha_0.1": {
        "tau": 0.10211243256926532,
        "realized_fp": 0.12090909090909091,
        "flag_fail": 0.17081081081081081
      },
      "alpha_0.2": {
        "tau": 0.06584151089191437,
        "realized_fp": 0.22818181818181818,
        "flag_fail": 0.292972972972973
      }
    },
    "bcoh_distmean": {
      "alpha_0.05": {
        "tau": 0.16991902217268934,
        "realized_fp": 0.06818181818181818,
        "flag_fail": 0.09621621621621622
      },
      "alpha_0.1": {
        "tau": 0.12578489035367965,
        "realized_fp": 0.11454545454545455,
        "flag_fail": 0.1535135135135135
      },
      "alpha_0.2": {
        "tau": 0.08045274317264563,
        "realized_fp": 0.2290909090909091,
        "flag_fail": 0.28324324324324324
      }
    },
    "disp_all": {
      "alpha_0.05": {
        "tau": 0.022041649837046838,
        "realized_fp": 0.03272727272727273,
        "flag_fail": 0.04540540540540541
      },
      "alpha_0.1": {
        "tau": 0.015150115732103583,
        "realized_fp": 0.09,
        "flag_fail": 0.11351351351351352
      },
      "alpha_0.2": {
        "tau": 0.010339768044650555,
        "realized_fp": 0.2109090909090909,
        "flag_fail": 0.21621621621621623
      }
    },
    "disp_first": {
      "alpha_0.05": {
        "tau": 0.01283370880410075,
        "realized_fp": 0.06545454545454546,
        "flag_fail": 0.06486486486486487
      },
      "alpha_0.1": {
        "tau": 0.010105526074767113,
        "realized_fp": 0.09545454545454546,
        "flag_fail": 0.10270270270270271
      },
      "alpha_0.2": {
        "tau": 0.00721578784286976,
        "realized_fp": 0.21272727272727274,
        "flag_fail": 0.2172972972972973
      }
    }
  }
}