{
  "baseline_success": 0.64,
  "coverages": [
    1.0,
    0.9,
    0.8,
    0.7,
    0.6,
    0.5
  ],
  "curves": {
    "bcoh_distmin": [
      0.64,
      0.6592592592592592,
      0.6916666666666667,
      0.7619047619047619,
      0.8,
      0.8
    ],
    "bcoh_distmean": [
      0.64,
      0.6592592592592592,
      0.7,
      0.7523809523809524,
      0.7888888888888889,
      0.7866666666666666
    ],
    "disp_all": [
      0.64,
      0.6444444444444445,
      0.6416666666666667,
      0.6666666666666666,
      0.7111111111111111,
      0.72
    ],
    "random": [
      0.6400000000000005,
      0.6384444444444448,
      0.6387500000000006,
      0.6389999999999998,
      0.6392777777777782,
      0.6385333333333335
    ]
  }
}