{
  "bcoh_freshmean": {
    "ep_auroc_max": 0.7314814814814815,
    "ci_max": [
      0.6459765432098765,
      0.8099985600543635
    ],
    "ep_auroc_mean": 0.6942515432098766,
    "ci_mean": [
      0.6032372488038277,
      0.7788928660669665
    ],
    "step_auroc": 0.5542650999968073
  },
  "bcoh_distmean": {
    "ep_auroc_max": 0.7318672839506173,
    "ci_max": [
      0.6463441634451756,
      0.8098266682660366
    ],
    "ep_auroc_mean": 0.6952160493827161,
    "ci_mean": [
      0.6040006711496859,
      0.7798167867203073
    ],
    "step_auroc": 0.5540540540540541
  },
  "bcoh_distmin": {
    "ep_auroc_max": 0.7409336419753086,
    "ci_max": [
      0.6556864354066986,
      0.8189080043706529
    ],
    "ep_auroc_mean": 0.7235725308641975,
    "ci_mean": [
      0.637801666923908,
      0.8025842865822924
    ],
    "step_auroc": 0.5616829305853696
  },
  "disp_all": {
    "ep_auroc_max": 0.5979938271604939,
    "ci_max": [
      0.5060491113003219,
      0.6909923625486363
    ],
    "ep_auroc_mean": 0.5187114197530864,
    "ci_mean": [
      0.41928000182172726,
      0.6193364269291378
    ],
    "step_auroc": 0.5047927852805901
  },
  "disp_first": {
    "ep_auroc_max": 0.5842978395061729,
    "ci_max": [
      0.49262057076047916,
      0.6811345954429627
    ],
    "ep_auroc_mean": 0.5738811728395061,
    "ci_mean": [
      0.47353939646184373,
      0.6724142185273733
    ],
    "step_auroc": 0.5336765001399147
  }
}